episode,end_global_step,episode_length,update,episode_return_total,episode_return_energy,episode_return_comfort,sum_TotalEnergy_kWh,sum_TempExceed_degC
0,1440,1440,1,-431.36156307617796,-106.99462218519713,-324.36694089098063,106.99462218519713,1081.2231363032688
1,2880,1440,2,-391.5346703834511,-107.82902852722862,-283.70564185622237,107.82902852722862,945.6854728540745
2,4320,1440,3,-379.57136130725524,-108.5542232477886,-271.0171380594672,108.5542232477886,903.390460198224
3,5760,1440,3,-356.2950490028725,-113.8672856454443,-242.42776335742906,113.8672856454443,808.0925445247635
4,7200,1440,4,-311.99420076708424,-111.0517975649628,-200.94240320212066,111.0517975649628,669.8080106737356
5,8640,1440,5,-302.5312939107018,-112.43270417886079,-190.09858973184072,112.43270417886079,633.6619657728024
6,10080,1440,5,-310.59906804293155,-117.77353797219655,-192.82553007073463,117.77353797219655,642.7517669024488
7,11520,1440,6,-305.7425501035576,-118.1454369718863,-187.59711313167182,118.1454369718863,625.3237104389061
8,12960,1440,7,-292.33907097973236,-117.07480750892395,-175.26426347080886,117.07480750892395,584.2142115693629
9,14400,1440,8,-287.3085306651168,-119.54013388002663,-167.76839678509018,119.54013388002663,559.227989283634
10,15840,1440,8,-275.19286359242034,-118.67675945282276,-156.51610413959747,118.67675945282276,521.7203471319916
11,17280,1440,9,-275.8242563300401,-119.69323375366334,-156.13102257637675,119.69323375366334,520.4367419212558
12,18720,1440,10,-263.70715376615476,-120.58848573465261,-143.11866803150195,120.58848573465261,477.06222677167324
13,20160,1440,10,-265.72151197143336,-119.13838787999326,-146.58312409144025,119.13838787999326,488.6104136381342
14,21600,1440,11,-260.1941836041385,-115.78194824272616,-144.41223536141243,115.78194824272616,481.3741178713748
15,23040,1440,12,-264.84532044250125,-118.20679192512027,-146.6385285173815,118.20679192512027,488.79509505793834
16,24480,1440,12,-263.45126361758804,-117.7996695576611,-145.6515940599262,117.7996695576611,485.50531353308736
17,25920,1440,13,-265.9400724983734,-114.74531223604272,-151.19476026233062,114.74531223604272,503.9825342077687
18,27360,1440,14,-242.48487981898853,-114.42109301017474,-128.06378680881392,114.42109301017474,426.8792893627131
19,28800,1440,15,-242.949484228831,-114.65327634758087,-128.29620788124976,114.65327634758087,427.6540262708325
20,30240,1440,15,-243.00591311750236,-116.29307856409766,-126.71283455340432,116.29307856409766,422.3761151780144
21,31680,1440,16,-251.8470163998353,-117.46133703287009,-134.38567936696458,117.46133703287009,447.95226455654864
22,33120,1440,17,-233.31634390313607,-115.10664527589881,-118.20969862723734,115.10664527589881,394.03232875745783
23,34560,1440,17,-230.50086837229355,-114.50693991320125,-115.99392845909234,114.50693991320125,386.6464281969745
24,36000,1440,18,-229.88213945171506,-113.30300371580525,-116.57913573590972,113.30300371580525,388.5971191196991
25,37440,1440,19,-240.20288623454354,-115.48841745384632,-124.71446878069749,115.48841745384632,415.7148959356583
26,38880,1440,19,-224.0226296921796,-112.2198617071047,-111.80276798507522,112.2198617071047,372.67589328358406
27,40320,1440,20,-234.95522721111334,-113.78256851034175,-121.17265870077135,113.78256851034175,403.90886233590453
28,41760,1440,21,-231.15897438535345,-113.07417365816589,-118.08480072718777,113.07417365816589,393.61600242395923
29,43200,1440,22,-236.42718872368613,-111.23501260676039,-125.19217611692567,111.23501260676039,417.3072537230856
30,44640,1440,22,-223.41049320964447,-110.44756203835253,-112.96293117129169,110.44756203835253,376.5431039043056
31,46080,1440,23,-232.9880856881209,-109.93671799461438,-123.05136769350656,109.93671799461438,410.1712256450219
32,47520,1440,24,-234.3011211791121,-109.99826590901371,-124.30285527009868,109.99826590901371,414.3428509003289
33,48960,1440,24,-222.70133913539632,-109.3452796831914,-113.35605945220523,109.3452796831914,377.8535315073508
34,50400,1440,25,-223.69900215245804,-109.65948789437162,-114.0395142580862,109.65948789437162,380.13171419362067
35,51840,1440,26,-216.72271277162895,-109.90838953429511,-106.81432323733344,109.90838953429511,356.0477441244448
36,53280,1440,27,-225.1145015742145,-113.38376602262396,-111.73073555159026,113.38376602262396,372.43578517196755
37,54720,1440,27,-219.89375458491313,-110.7474752358198,-109.14627934909336,110.7474752358198,363.82093116364456
38,56160,1440,28,-215.87920070636534,-111.08889034677205,-104.79031035959332,111.08889034677205,349.30103453197773
39,57600,1440,29,-227.62896048271986,-112.77506002118173,-114.8539004615383,112.77506002118173,382.84633487179434
40,59040,1440,29,-224.80321663874918,-112.25297332293032,-112.55024331581875,112.25297332293032,375.16747771939583
41,60480,1440,30,-219.30243261393468,-110.0980805782596,-109.20435203567517,110.0980805782596,364.01450678558393
42,61920,1440,31,-215.30709783749015,-109.84673254424014,-105.46036529324981,109.84673254424014,351.53455097749935
43,63360,1440,31,-210.3962857430887,-107.07441464763144,-103.32187109545701,107.07441464763144,344.4062369848567
44,64800,1440,32,-216.8686195410384,-108.21079624073936,-108.65782330029931,108.21079624073936,362.19274433433105
45,66240,1440,33,-219.57088284483868,-108.92091137208973,-110.64997147274923,108.92091137208973,368.83323824249743
46,67680,1440,34,-203.81020515173878,-109.59081749841111,-94.21938765332717,109.59081749841111,314.0646255110906
47,69120,1440,34,-210.09182677274606,-111.06734160703678,-99.02448516570932,111.06734160703678,330.0816172190311
48,70560,1440,35,-203.79383618094525,-111.52442858141677,-92.26940759952826,111.52442858141677,307.5646919984276
49,72000,1440,36,-203.34677268165305,-113.6196155155118,-89.72715716614091,113.6196155155118,299.0905238871364
50,73440,1440,36,-197.43697596827653,-113.22179365124153,-84.21518231703499,113.22179365124153,280.71727439011664
51,74880,1440,37,-210.73027098667163,-112.13813552711477,-98.59213545955667,112.13813552711477,328.6404515318556
52,76320,1440,38,-192.8147175834263,-111.18268457122738,-81.63203301219893,111.18268457122738,272.1067767073298
53,77760,1440,38,-197.3511886680689,-110.3261320098016,-87.02505665826718,110.3261320098016,290.0835221942239
54,79200,1440,39,-193.81516522743786,-107.26314320759619,-86.55202201984144,107.26314320759619,288.50674006613815
55,80640,1440,40,-190.3248176501705,-108.29597400604735,-82.028843644123,108.29597400604735,273.42947881374334
56,82080,1440,41,-189.21265463160248,-109.09729114141132,-80.11536349019134,109.09729114141132,267.05121163397115
57,83520,1440,41,-178.36832002779192,-108.17862904361428,-70.18969098417756,108.17862904361428,233.96563661392523
58,84960,1440,42,-181.5638432787428,-108.53109480303071,-73.03274847571164,108.53109480303071,243.4424949190388
59,86400,1440,43,-183.7208104061204,-108.71934154018793,-75.00146886593252,108.71934154018793,250.00489621977508
60,87840,1440,43,-181.1316229145747,-107.52062734054124,-73.61099557403344,107.52062734054124,245.36998524677816
61,89280,1440,44,-180.7568394865442,-106.85194265866173,-73.90489682788296,106.85194265866173,246.3496560929432
62,90720,1440,45,-183.53053574131704,-107.02399635202568,-76.50653938929108,107.02399635202568,255.0217979643036
63,92160,1440,45,-185.1695175695086,-106.67799323485958,-78.49152433464944,106.67799323485958,261.6384144488315
64,93600,1440,46,-169.05871314218842,-105.16454458791951,-63.89416855426909,105.16454458791951,212.98056184756365
65,95040,1440,47,-175.4665527763852,-104.67580561604392,-70.790747160341,104.67580561604392,235.96915720113668
66,96480,1440,48,-178.26693788604558,-102.59874273027863,-75.66819515576665,102.59874273027863,252.22731718588884
67,97920,1440,48,-174.30773673551585,-102.82375487069176,-71.4839818648245,102.82375487069176,238.27993954941502
68,99360,1440,49,-170.17284284926967,-101.78131130438591,-68.3915315448839,101.78131130438591,227.97177181627967
69,100800,1440,50,-170.57034713506334,-102.65493224912795,-67.91541488593498,102.65493224912795,226.38471628644993
70,102240,1440,50,-167.21627237719864,-101.26725799129659,-65.94901438590203,101.26725799129659,219.83004795300678
71,103680,1440,51,-161.86917319220095,-100.55610371811197,-61.31306947408885,100.55610371811197,204.37689824696284
72,105120,1440,52,-157.58805313567387,-99.23835907957003,-58.34969405610363,99.23835907957003,194.4989801870121
73,106560,1440,53,-162.23909757990177,-98.54096732357525,-63.69813025632671,98.54096732357525,212.32710085442238
74,108000,1440,53,-161.33662625754235,-96.68913321645633,-64.647493041086,96.68913321645633,215.49164347028668
75,109440,1440,54,-158.14794034033272,-96.51570175884598,-61.63223858148692,96.51570175884598,205.44079527162307
76,110880,1440,55,-158.05754398284873,-95.70323794038967,-62.3543060424591,95.70323794038967,207.847686808197
77,112320,1440,55,-154.7826841671879,-94.03377291166424,-60.7489112555236,94.03377291166424,202.49637085174535
78,113760,1440,56,-155.57620662408016,-96.350339818147,-59.225866805933194,96.350339818147,197.41955601977733
79,115200,1440,57,-150.00092103865165,-95.57081877418693,-54.43010226446447,95.57081877418693,181.4336742148816
80,116640,1440,57,-155.01357380617512,-94.91224015919563,-60.10133364697945,94.91224015919563,200.33777882326484
81,118080,1440,58,-144.0120345246608,-94.03808349348424,-49.973951031176846,94.03808349348424,166.57983677058948
82,119520,1440,59,-143.55670205149966,-95.74064842940153,-47.81605362209812,95.74064842940153,159.38684540699373
83,120960,1440,60,-146.4543305995055,-96.88906199805159,-49.56526860145391,96.88906199805159,165.21756200484637
84,122400,1440,60,-141.6631862441321,-94.41550183378165,-47.24768441035047,94.41550183378165,157.49228136783492
85,123840,1440,61,-140.73272259626535,-95.38285844155061,-45.34986415471477,95.38285844155061,151.16621384904926
86,125280,1440,62,-143.0326562148756,-94.1385903750085,-48.89406583986704,94.1385903750085,162.98021946622347
87,126720,1440,62,-139.77382872863527,-95.90711870227959,-43.86671002635568,95.90711870227959,146.22236675451896
88,128160,1440,63,-140.97669734796395,-95.61090513818543,-45.36579220977855,95.61090513818543,151.2193073659285
89,129600,1440,64,-135.93875769067967,-94.59331106438044,-41.34544662629905,94.59331106438044,137.81815542099685
90,131040,1440,64,-135.964197643927,-95.25594043929524,-40.708257204631536,95.25594043929524,135.69419068210513
91,132480,1440,65,-138.72990006368232,-95.7185390947654,-43.01136096891685,95.7185390947654,143.37120322972282
92,133920,1440,66,-130.76323020196287,-92.87448253574073,-37.888747666222336,92.87448253574073,126.29582555407445
93,135360,1440,67,-133.0276210471636,-92.88076247210479,-40.14685857505878,92.88076247210479,133.8228619168626
94,136800,1440,67,-128.21733383918337,-91.21389318073791,-37.00344065844567,91.21389318073791,123.3448021948189
95,138240,1440,68,-137.90409932108074,-92.56278029962361,-45.341319021457174,92.56278029962361,151.13773007152392
96,139680,1440,69,-135.74747028584332,-92.68017808201728,-43.06729220382605,92.68017808201728,143.55764067942016
97,141120,1440,69,-130.83761729288463,-89.32628590651,-41.51133138637482,89.32628590651,138.3711046212494
98,142560,1440,70,-124.53877000939501,-89.28092497491724,-35.257845034477654,89.28092497491724,117.52615011492553
99,144000,1440,71,-124.06009704307651,-89.37098394391849,-34.68911309915807,89.37098394391849,115.63037699719357
100,145440,1440,72,-125.63226106039775,-89.291086107413,-36.34117495298488,89.291086107413,121.13724984328293
101,146880,1440,72,-129.09007678977218,-89.84057721390474,-39.24949957586752,89.84057721390474,130.83166525289172
102,148320,1440,73,-126.18340887851787,-88.18133707735971,-38.00207180115828,88.18133707735971,126.6735726705276
103,149760,1440,74,-118.11154490015744,-86.05557947609033,-32.055965424067224,86.05557947609033,106.85321808022408
104,151200,1440,74,-122.27520711412642,-87.79028185026749,-34.4849252638589,87.79028185026749,114.94975087952966
105,152640,1440,75,-115.91102505604543,-85.49307934006009,-30.41794571598541,85.49307934006009,101.39315238661804
106,154080,1440,76,-118.9499022967743,-86.65353663677855,-32.29636565999575,86.65353663677855,107.65455219998584
107,155520,1440,76,-118.2663246928034,-86.75871199679868,-31.5076126960046,86.75871199679868,105.02537565334868
108,156960,1440,77,-117.13355783169123,-86.25335608374473,-30.880201747946384,86.25335608374473,102.93400582648795
109,158400,1440,78,-116.44391052931601,-87.73557809542099,-28.708332433894984,87.73557809542099,95.69444144631662
110,159840,1440,79,-118.13052546689347,-88.32184903520671,-29.808676431686802,88.32184903520671,99.36225477228935
111,161280,1440,79,-116.61957871457365,-86.90643333160673,-29.713145382966918,86.90643333160673,99.04381794322306
112,162720,1440,80,-113.34438228002685,-85.99203699912113,-27.352345280905677,85.99203699912113,91.17448426968559
113,164160,1440,81,-111.9375040747589,-85.36822871667525,-26.569275358083562,85.36822871667525,88.56425119361188
114,165600,1440,81,-112.90722158669882,-86.56997690032864,-26.33724468637023,86.56997690032864,87.7908156212341
115,167040,1440,82,-108.20305352939904,-84.98650416417911,-23.216549365219944,84.98650416417911,77.38849788406648
116,168480,1440,83,-110.14100853359912,-85.08759037337293,-25.053418160226183,85.08759037337293,83.51139386742061
117,169920,1440,83,-109.67601672558075,-86.62952170390783,-23.0464950216729,86.62952170390783,76.821650072243
118,171360,1440,84,-109.87026882757606,-84.9031362576159,-24.967132569959954,84.9031362576159,83.22377523319985
119,172800,1440,85,-111.96665885428217,-85.17186422960593,-26.79479462467631,85.17186422960593,89.31598208225437
120,174240,1440,86,-104.00595458815565,-85.61709234977121,-18.38886223838442,85.61709234977121,61.2962074612814
121,175680,1440,86,-108.5024272476247,-84.38131028439734,-24.121116963227163,84.38131028439734,80.4037232107572
122,177120,1440,87,-103.41643048994477,-83.5986478091137,-19.817782680831225,83.5986478091137,66.05927560277075
123,178560,1440,88,-105.19020599443083,-81.85095538258963,-23.339250611841308,81.85095538258963,77.79750203947103
124,180000,1440,88,-102.75926513102877,-81.06471161679275,-21.694553514236,81.06471161679275,72.31517838078666
125,181440,1440,89,-103.37080594079681,-82.06782358266523,-21.302982358131594,82.06782358266523,71.00994119377198
126,182880,1440,90,-100.91280754401993,-80.7215520110785,-20.19125553294138,80.7215520110785,67.3041851098046
127,184320,1440,90,-99.36289778124666,-81.49246685467047,-17.870430926576333,81.49246685467047,59.568103088587776
128,185760,1440,91,-102.03348964919506,-78.27182621621328,-23.761663432981745,78.27182621621328,79.20554477660582
129,187200,1440,92,-97.42344483493822,-78.86432309937439,-18.55912173556388,78.86432309937439,61.86373911854628
130,188640,1440,93,-97.88301788223973,-78.73126195487941,-19.151755927360195,78.73126195487941,63.83918642453399
131,190080,1440,93,-102.5022560529365,-78.11987496092895,-24.382381092007428,78.11987496092895,81.27460364002476
132,191520,1440,94,-95.63321451890543,-78.40115305213328,-17.23206146677218,78.40115305213328,57.440204889240604
133,192960,1440,95,-97.12079436445227,-78.14532675655269,-18.97546760789962,78.14532675655269,63.25155869299874
134,194400,1440,95,-95.68551527669635,-78.03059149237151,-17.65492378432487,78.03059149237151,58.84974594774956
135,195840,1440,96,-97.78387311101413,-76.89616235212326,-20.887710758890993,76.89616235212326,69.62570252963664
136,197280,1440,97,-95.46030068043754,-76.58114970284348,-18.879150977594094,76.58114970284348,62.93050325864698
137,198720,1440,98,-95.21281852094761,-75.89950298423697,-19.31331553671076,75.89950298423697,64.37771845570254
138,200160,1440,98,-90.43441928866123,-73.12023376328779,-17.314185525373468,73.12023376328779,57.71395175124489
139,201600,1440,99,-91.1772701046651,-73.47309026023277,-17.70417984443232,73.47309026023277,59.01393281477441
140,203040,1440,100,-93.77215521015542,-73.30654217177964,-20.46561303837586,73.30654217177964,68.21871012791954
141,204480,1440,100,-94.11737023318133,-74.2712435331294,-19.846126700051858,74.2712435331294,66.15375566683953
142,205920,1440,101,-92.33385448961504,-72.59888721711863,-19.734967272496416,72.59888721711863,65.78322424165472
143,207360,1440,102,-91.35245824143378,-73.55474458146003,-17.797713659973716,73.55474458146003,59.32571219991239
144,208800,1440,102,-86.93828981756603,-71.41664135605791,-15.521648461508292,71.41664135605791,51.738828205027644
145,210240,1440,103,-91.92910363115047,-73.10541094631948,-18.82369268483097,73.10541094631948,62.74564228276991
146,211680,1440,104,-87.14202622470114,-72.10094594228083,-15.041080282420282,72.10094594228083,50.13693427473427
147,213120,1440,105,-86.35464966737331,-72.07770437835286,-14.276945289020404,72.07770437835286,47.58981763006801
148,214560,1440,105,-85.4690407474146,-71.24338012291544,-14.225660624499136,71.24338012291544,47.41886874833045
149,216000,1440,106,-85.91414009180384,-71.97876122749486,-13.935378864308957,71.97876122749486,46.451262881029855
150,217440,1440,107,-88.28016285226585,-72.37824018592839,-15.90192266633749,72.37824018592839,53.006408887791636
151,218880,1440,107,-83.64608539504273,-71.64533569189709,-12.000749703145644,71.64533569189709,40.00249901048548
152,220320,1440,108,-85.98066711233973,-72.27968900892783,-13.700978103411963,72.27968900892783,45.66992701137321
153,221760,1440,109,-82.259740597879,-70.07245551766806,-12.18728508021095,70.07245551766806,40.624283600703166
154,223200,1440,109,-82.7803398077295,-68.97344123316753,-13.806898574561927,68.97344123316753,46.02299524853976
155,224640,1440,110,-83.03169747947285,-68.35148294899587,-14.680214530476963,68.35148294899587,48.93404843492321
156,226080,1440,111,-83.52971219047937,-68.7608277772002,-14.76888441327916,68.7608277772002,49.229614710930534
157,227520,1440,112,-83.8176554356473,-68.7486825191535,-15.068972916493866,68.7486825191535,50.22990972164622
158,228960,1440,112,-85.60731800977078,-68.06700747349431,-17.54031053627648,68.06700747349431,58.46770178758827
159,230400,1440,113,-84.77083807353503,-67.48387876399946,-17.286959309535813,67.48387876399946,57.623197698452714
160,231840,1440,114,-80.2127069583301,-67.07483507117232,-13.137871887157761,67.07483507117232,43.79290629052587
161,233280,1440,114,-81.38794599146584,-65.41774969455493,-15.970196296910835,65.41774969455493,53.23398765636945
162,234720,1440,115,-79.41155479037774,-65.26099513046104,-14.150559659916688,65.26099513046104,47.16853219972229
163,236160,1440,116,-78.547063201063,-64.29228282827404,-14.254780372788893,64.29228282827404,47.51593457596298
164,237600,1440,117,-80.29027990256023,-65.23075551028364,-15.059524392276604,65.23075551028364,50.19841464092202
165,239040,1440,117,-77.37997110928728,-65.85057537150638,-11.529395737780757,65.85057537150638,38.43131912593586
166,240480,1440,118,-75.18598979861038,-64.8404610268689,-10.345528771741588,64.8404610268689,34.485095905805295
167,241920,1440,119,-73.8832036258565,-65.42112093820234,-8.462082687654165,65.42112093820234,28.206942292180553
168,243360,1440,119,-76.70070775734742,-65.77824610303577,-10.922461654311647,65.77824610303577,36.408205514372156
169,244800,1440,120,-75.50479552463194,-65.19717687961567,-10.307618645016278,65.19717687961567,34.35872881672093
170,246240,1440,121,-76.31018618369784,-65.93539510776402,-10.374791075933782,65.93539510776402,34.582636919779276
171,247680,1440,121,-76.26249097239489,-66.20170704281854,-10.060783929576173,66.20170704281854,33.53594643192058
172,249120,1440,122,-73.44282123774633,-65.56397001562944,-7.878851222116955,65.56397001562944,26.26283740705652
173,250560,1440,123,-76.96458422013887,-65.61733692499791,-11.347247295140859,65.61733692499791,37.82415765046953
174,252000,1440,124,-75.53550617248177,-63.832544852748974,-11.70296131973282,63.832544852748974,39.00987106577607
175,253440,1440,124,-73.57644387773361,-62.73435140251525,-10.842092475218346,62.73435140251525,36.14030825072782
176,254880,1440,125,-72.69811121427773,-64.08325172947958,-8.6148594847982,64.08325172947958,28.71619828266067
177,256320,1440,126,-74.77817423914051,-62.3591609433538,-12.419013295786703,62.3591609433538,41.39671098595568
178,257760,1440,126,-74.30474431316236,-61.9884459578637,-12.316298355298672,61.9884459578637,41.05432785099558
179,259200,1440,127,-74.02004801555114,-62.98341664577972,-11.036631369771422,62.98341664577972,36.788771232571406
180,260640,1440,128,-72.92537390089667,-63.6996852671564,-9.225688633740294,63.6996852671564,30.75229544580098
181,262080,1440,128,-69.79375008152296,-62.38810505354522,-7.405645027977728,62.38810505354522,24.68548342659243
182,263520,1440,129,-72.82994945092392,-63.13812703745964,-9.691822413464383,63.13812703745964,32.30607471154794
183,264960,1440,130,-73.47755980459793,-62.305158000891,-11.17240180370699,62.305158000891,37.241339345689966
184,266400,1440,131,-71.22556215677784,-61.79502644850067,-9.430535708277121,61.79502644850067,31.435119027590403
185,267840,1440,131,-69.19721626388858,-60.71931312433421,-8.477903139554344,60.71931312433421,28.259677131847816
186,269280,1440,132,-69.57392433077155,-59.34896157754244,-10.224962753229018,59.34896157754244,34.083209177430064
187,270720,1440,133,-71.52475918527192,-59.71332666600764,-11.811432519264214,59.71332666600764,39.37144173088071
188,272160,1440,133,-71.13892533782658,-59.31159573642905,-11.82732960139759,59.31159573642905,39.424432004658634
189,273600,1440,134,-72.48648931528479,-60.45902698523232,-12.027462330052574,60.45902698523232,40.09154110017525
190,275040,1440,135,-71.29284311222268,-60.6230023989608,-10.669840713261967,60.6230023989608,35.566135710873226
191,276480,1440,135,-69.51738272998125,-60.42649365842956,-9.09088907155172,60.42649365842956,30.302963571839065
192,277920,1440,136,-72.52505053732146,-62.26118941418788,-10.263861123133461,62.26118941418788,34.21287041044487
193,279360,1440,137,-68.3175863269186,-60.455327818546735,-7.862258508371903,60.455327818546735,26.207528361239678
194,280800,1440,138,-71.69039818531553,-60.42145140203459,-11.268946783280853,60.42145140203459,37.56315594426951
195,282240,1440,138,-68.01271317106183,-60.13218461585195,-7.880528555209899,60.13218461585195,26.26842851736633
196,283680,1440,139,-66.97950957599015,-58.61678093063747,-8.362728645352654,58.61678093063747,27.87576215117551
197,285120,1440,140,-67.12329586971397,-58.66724451018677,-8.456051359527176,58.66724451018677,28.18683786509059
198,286560,1440,140,-69.96247971495875,-60.93180477304179,-9.03067494191698,60.93180477304179,30.102249806389935
199,288000,1440,141,-66.14541444751477,-58.494391282228754,-7.651023165285965,58.494391282228754,25.503410550953216
200,289440,1440,142,-67.92917438286977,-58.257751150784756,-9.671423232085068,58.257751150784756,32.23807744028356
201,290880,1440,143,-65.82177444166074,-58.69704360520033,-7.124730836460458,58.69704360520033,23.749102788201526
202,292320,1440,143,-66.12855931056025,-58.771379835750125,-7.3571794748100885,58.771379835750125,24.523931582700296
203,293760,1440,144,-65.86049704154871,-57.83300560791386,-8.027491433634802,57.83300560791386,26.758304778782676
204,295200,1440,145,-66.71013582180446,-58.086245243686015,-8.623890578118496,58.086245243686015,28.746301927061655
205,296640,1440,145,-67.0513514515475,-58.47451717434248,-8.576834277205043,58.47451717434248,28.589447590683477
206,298080,1440,146,-68.66499503795819,-59.32521941781891,-9.33977562013935,59.32521941781891,31.132585400464496
207,299520,1440,147,-65.7636235580317,-58.57779758481865,-7.185825973213074,58.57779758481865,23.95275324404358
208,300960,1440,147,-64.9338398525338,-58.55716402739751,-6.376675825136275,58.55716402739751,21.255586083787584
209,302400,1440,148,-66.68824733261553,-59.7618959808458,-6.926351351769726,59.7618959808458,23.08783783923242
210,303840,1440,149,-67.69624902716299,-59.37120601338192,-8.325043013781066,59.37120601338192,27.750143379270224
211,305280,1440,150,-65.83960999981944,-59.095411178515114,-6.744198821304341,59.095411178515114,22.480662737681136
212,306720,1440,150,-68.83487689936631,-59.795299392526175,-9.039577506840146,59.795299392526175,30.13192502280049
213,308160,1440,151,-63.96977918826846,-59.488267091587915,-4.481512096680517,59.488267091587915,14.938373655601726
214,309600,1440,152,-65.8436297121459,-57.95573671059817,-7.887893001547689,57.95573671059817,26.29297667182563
215,311040,1440,152,-63.271582921260865,-57.477093897167286,-5.794489024093503,57.477093897167286,19.31496341364501
216,312480,1440,153,-63.91912816883194,-55.954723205763045,-7.964404963068894,55.954723205763045,26.54801654356298
217,313920,1440,154,-62.96852797918284,-56.092249207098014,-6.8762787720848335,56.092249207098014,22.920929240282778
218,315360,1440,154,-62.57011044162608,-55.9886904966449,-6.581419944981198,55.9886904966449,21.93806648327066
219,316800,1440,155,-61.530604894895504,-55.16676246358786,-6.363842431307637,55.16676246358786,21.21280810435879
220,318240,1440,156,-64.82979982232489,-55.27712874170899,-9.552671080615898,55.27712874170899,31.842236935386328
221,319680,1440,157,-63.63532108609524,-55.32781733222445,-8.30750375387074,55.32781733222445,27.691679179569135
222,321120,1440,157,-61.12415502286288,-54.440680772199066,-6.683474250663802,54.440680772199066,22.278247502212675
223,322560,1440,158,-59.95468585578714,-54.20119257657448,-5.753493279212686,54.20119257657448,19.178310930708953
224,324000,1440,159,-60.65687743727538,-53.4852608817499,-7.171616555525517,53.4852608817499,23.90538851841839
225,325440,1440,159,-61.63532634487568,-52.4754647796408,-9.159861565234873,52.4754647796408,30.532871884116243
226,326880,1440,160,-58.88583432579373,-52.494761433789634,-6.391072892004084,52.494761433789634,21.30357630668028
227,328320,1440,161,-59.98197288389728,-52.330557293887814,-7.651415590009473,52.330557293887814,25.504718633364913
228,329760,1440,162,-60.50558420035757,-51.667873285234315,-8.837710915123221,51.667873285234315,29.45903638374407
229,331200,1440,162,-59.2620359210509,-51.89027135499319,-7.3717645660577125,51.89027135499319,24.57254855352571
230,332640,1440,163,-58.570473975856004,-50.94814752279868,-7.622326453057358,50.94814752279868,25.40775484352453
231,334080,1440,164,-60.4343245122083,-50.26691315840362,-10.167411353804669,50.26691315840362,33.891371179348894
232,335520,1440,164,-57.752344027872184,-49.80035003508982,-7.9519939927824,49.80035003508982,26.506646642608
233,336960,1440,165,-56.14915117439266,-49.608597621260785,-6.540553553131872,49.608597621260785,21.80184517710624
234,338400,1440,166,-57.13866635057656,-49.60571789704594,-7.5329484535305875,49.60571789704594,25.109828178435293
235,339840,1440,166,-59.793869142291385,-50.621374985258996,-9.172494157032375,50.621374985258996,30.57498052344125
236,341280,1440,167,-58.559942885633895,-51.541163946008176,-7.0187789396257125,51.541163946008176,23.395929798752377
237,342720,1440,168,-58.51217938794069,-51.39191556123747,-7.120263826703225,51.39191556123747,23.73421275567742
238,344160,1440,169,-59.43062044465116,-51.56828088935454,-7.8623395552966375,51.56828088935454,26.20779851765546
239,345600,1440,169,-60.090855781740686,-52.53484325421357,-7.556012527527199,52.53484325421357,25.186708425090664
240,347040,1440,170,-59.778156172979074,-53.209829525025135,-6.568326647953856,53.209829525025135,21.894422159846187
241,348480,1440,171,-59.074076631246065,-53.440179186749766,-5.633897444496302,53.440179186749766,18.77965814832101
242,349920,1440,171,-58.41808145295066,-53.59660339791029,-4.82147805504039,53.59660339791029,16.0715935168013
243,351360,1440,172,-58.76993135175582,-53.884309164458514,-4.8856221872973356,53.884309164458514,16.28540729099112
244,352800,1440,173,-59.93232307630438,-53.83576880339384,-6.096554272910524,53.83576880339384,20.321847576368413
245,354240,1440,173,-58.249279244921226,-53.32885908189319,-4.920420163028003,53.32885908189319,16.401400543426675
246,355680,1440,174,-57.7727740499534,-53.037232368253754,-4.735541681699659,53.037232368253754,15.785138938998863
247,357120,1440,175,-57.77315939244271,-53.24560164688168,-4.527557745561038,53.24560164688168,15.091859151870125
248,358560,1440,176,-58.99629002756639,-53.08024921239301,-5.9160408151734005,53.08024921239301,19.720136050578002
249,360000,1440,176,-59.848459649324525,-52.88120019624315,-6.967259453081297,52.88120019624315,23.22419817693766
250,361440,1440,177,-59.05340363165601,-52.493496257472785,-6.559907374183262,52.493496257472785,21.866357913944206
251,362880,1440,178,-58.54078882700249,-51.42188643292579,-7.118902394076685,51.42188643292579,23.729674646922284
252,364320,1440,178,-57.07556203366657,-51.091548631464114,-5.984013402202519,51.091548631464114,19.946711340675066
253,365760,1440,179,-57.38520660806372,-50.71625245877285,-6.668954149290818,50.71625245877285,22.22984716430273
254,367200,1440,180,-57.35393060370517,-50.2786418070008,-7.075288796704362,50.2786418070008,23.58429598901454
255,368640,1440,180,-56.26189613114976,-49.70753907705215,-6.554357054097653,49.70753907705215,21.847856846992176
256,370080,1440,181,-57.03335646122531,-49.06850825161967,-7.96484820960565,49.06850825161967,26.549494032018835
257,371520,1440,182,-54.76427851205532,-49.04984046966317,-5.714438042392203,49.04984046966317,19.04812680797401
258,372960,1440,183,-57.73563754886286,-49.5745253009887,-8.161112247874186,49.5745253009887,27.203707492913953
259,374400,1440,183,-56.78497583001276,-49.38752241068845,-7.397453419324341,49.38752241068845,24.65817806441447
260,375840,1440,184,-57.65671033068387,-49.14767642153572,-8.509033909148132,49.14767642153572,28.363446363827105
261,377280,1440,185,-57.57581137350916,-49.402572575297775,-8.173238798211356,49.402572575297775,27.24412932737119
262,378720,1440,185,-57.75690601385028,-48.31452904916431,-9.442376964685964,48.31452904916431,31.47458988228655
263,380160,1440,186,-58.041516491116184,-48.605275939240684,-9.436240551875501,48.605275939240684,31.454135172918342
264,381600,1440,187,-57.25925708005879,-48.96972147944065,-8.28953560061814,48.96972147944065,27.631785335393804
265,383040,1440,188,-57.054851054322604,-49.045037362599174,-8.009813691723453,49.045037362599174,26.699378972411512
266,384480,1440,188,-56.15287396712555,-47.52461664948046,-8.628257317645131,47.52461664948046,28.76085772548377
267,385920,1440,189,-56.495689060928676,-47.92928410593507,-8.56640495499364,47.92928410593507,28.554683183312132
268,387360,1440,190,-56.22943567028803,-48.848467609923794,-7.380968060364193,48.848467609923794,24.603226867880643
269,388800,1440,190,-56.87023896699143,-48.204913625989875,-8.665325341001614,48.204913625989875,28.884417803338714
270,390240,1440,191,-56.24162315424023,-49.49104219868911,-6.750580955551139,49.49104219868911,22.501936518503797
271,391680,1440,192,-56.72498779685766,-49.16704802208034,-7.5579397747772585,49.16704802208034,25.193132582590863
272,393120,1440,192,-58.844038878561825,-49.253731289105275,-9.590307589456588,49.253731289105275,31.967691964855295
273,394560,1440,193,-56.004368216920625,-48.067352083001964,-7.937016133918678,48.067352083001964,26.456720446395593
274,396000,1440,194,-57.415380875179196,-47.628940129392504,-9.78644074578662,47.628940129392504,32.62146915262207
275,397440,1440,195,-56.521495950138856,-46.92723250739077,-9.594263442748055,46.92723250739077,31.980878142493516
276,398880,1440,195,-58.1576027445237,-48.042964941225215,-10.114637803298441,48.042964941225215,33.71545934432814
277,400320,1440,196,-55.792383780763764,-47.531710595473456,-8.260673185290347,47.531710595473456,27.53557728430116
278,401760,1440,197,-57.67332350293877,-47.83774812552243,-9.835575377416294,47.83774812552243,32.785251258054316
279,403200,1440,197,-57.24516797776771,-48.668931495614586,-8.576236482153165,48.668931495614586,28.58745494051055
280,404640,1440,198,-55.88183138261499,-48.67206406591774,-7.209767316697258,48.67206406591774,24.032557722324196
281,406080,1440,199,-57.921366387845744,-50.14360132655967,-7.777765061286028,50.14360132655967,25.925883537620095
282,407520,1440,199,-55.66298640264375,-49.97960520030186,-5.683381202341876,49.97960520030186,18.944604007806255
283,408960,1440,200,-54.8895229256929,-49.42034257218363,-5.469180353509272,49.42034257218363,18.230601178364243
284,410400,1440,201,-55.5494083636458,-50.242905520744074,-5.30650284290171,50.242905520744074,17.688342809672367
285,411840,1440,202,-57.594748964658265,-50.530153403750816,-7.064595560907436,50.530153403750816,23.548651869691454
286,413280,1440,202,-56.33299132056971,-50.69557192090064,-5.637419399669029,50.69557192090064,18.791397998896763
287,414720,1440,203,-57.37464086344419,-50.55573425009023,-6.818906613353959,50.55573425009023,22.729688711179865
288,416160,1440,204,-56.313740853309284,-50.96571816898306,-5.348022684326229,50.96571816898306,17.82674228108743
289,417600,1440,204,-56.95379353080404,-50.93165183859072,-6.0221416922133,50.93165183859072,20.073805640711
290,419040,1440,205,-57.381204388409046,-51.3460620370593,-6.035142351349702,51.3460620370593,20.117141171165674
291,420480,1440,206,-56.31734386419124,-50.9338078126224,-5.383536051568796,50.9338078126224,17.945120171895987
292,421920,1440,207,-56.28704976108305,-50.04762814416049,-6.239421616922546,50.04762814416049,20.798072056408486
293,423360,1440,207,-56.53039368894246,-50.95008700930466,-5.5803066796377925,50.95008700930466,18.60102226545931
294,424800,1440,208,-56.29774708578156,-51.02118599140465,-5.276561094376892,51.02118599140465,17.588536981256308
295,426240,1440,209,-56.77093862128339,-51.74859018343134,-5.022348437852025,51.74859018343134,16.74116145950675
296,427680,1440,209,-56.147122931793454,-50.7797884545123,-5.367334477281151,50.7797884545123,17.891114924270504
297,429120,1440,210,-56.54327934055187,-50.24411224568589,-6.299167094865953,50.24411224568589,20.997223649553177
298,430560,1440,211,-54.88536658105542,-49.739386956850474,-5.1459796242049824,49.739386956850474,17.15326541401661
299,432000,1440,211,-55.74680274536784,-50.98384839904775,-4.7629543463200354,50.98384839904775,15.876514487733452
300,433440,1440,212,-55.43971401450496,-50.79951133198942,-4.640202682515555,50.79951133198942,15.467342275051848
301,434880,1440,213,-55.08315478199723,-50.230248846714886,-4.85290593528236,50.230248846714886,16.176353117607867
302,436320,1440,214,-54.56709426430475,-50.024948268395384,-4.542145995909359,50.024948268395384,15.140486653031196
303,437760,1440,214,-56.53869980488678,-51.235126480095865,-5.303573324790902,51.235126480095865,17.678577749303006
304,439200,1440,215,-54.58540153789467,-50.681798453588826,-3.9036030843058622,50.681798453588826,13.012010281019542
305,440640,1440,216,-54.407733245517136,-49.873986435292295,-4.533746810224876,49.873986435292295,15.112489367416256
306,442080,1440,216,-54.79730075612633,-50.22605868164967,-4.571242074476654,50.22605868164967,15.237473581588848
307,443520,1440,217,-56.62340629413241,-50.104758103224626,-6.518648190907797,50.104758103224626,21.72882730302599
308,444960,1440,218,-53.624534628945526,-50.18650184775969,-3.4380327811858042,50.18650184775969,11.460109270619348
309,446400,1440,218,-57.47368035131032,-50.46188938536752,-7.011790965942825,50.46188938536752,23.37263655314275
310,447840,1440,219,-55.744887626742475,-50.28362351357935,-5.461264113163139,50.28362351357935,18.204213710543797
311,449280,1440,220,-57.150513598037335,-49.758484895994876,-7.392028702042462,49.758484895994876,24.640095673474875
312,450720,1440,221,-54.68615180991695,-50.49100650380718,-4.195145306109759,50.49100650380718,13.98381768703253
313,452160,1440,221,-55.48032596873486,-49.80434731351887,-5.675978655215967,49.80434731351887,18.919928850719888
314,453600,1440,222,-54.76956838492584,-49.51164708948247,-5.257921295443315,49.51164708948247,17.526404318144383
315,455040,1440,223,-56.25145615972337,-50.46464170795175,-5.786814451771613,50.46464170795175,19.289381505905375
316,456480,1440,223,-54.8961284483199,-50.87183630136321,-4.024292146956717,50.87183630136321,13.41430715652239
317,457920,1440,224,-57.61724740628366,-51.138855519007365,-6.478391887276272,51.138855519007365,21.594639624254242
318,459360,1440,225,-55.515351608225245,-50.03901582839046,-5.476335779834842,50.03901582839046,18.254452599449472
319,460800,1440,225,-56.80286237113,-50.37720918044375,-6.425653190686275,50.37720918044375,21.418843968954253
320,462240,1440,226,-55.19335956973207,-49.858283287381475,-5.335076282350566,49.858283287381475,17.78358760783522
321,463680,1440,227,-55.97530072541301,-50.648427073300255,-5.32687365211276,50.648427073300255,17.756245507042536
322,465120,1440,228,-56.11820916969033,-49.59668834203342,-6.521520827656869,49.59668834203342,21.738402758856232
323,466560,1440,228,-56.10730354877484,-48.4298221525388,-7.677481396236057,48.4298221525388,25.59160465412019
324,468000,1440,229,-56.793145600649716,-47.92712595480183,-8.866019645847862,47.92712595480183,29.553398819492877
325,469440,1440,230,-54.98016328813663,-47.710039969138435,-7.270123318998221,47.710039969138435,24.233744396660736
326,470880,1440,230,-56.91460447699986,-47.83041371233294,-9.084190764666907,47.83041371233294,30.280635882223024
327,472320,1440,231,-55.285266447245235,-47.88640677116524,-7.39885967608001,47.88640677116524,24.662865586933368
328,473760,1440,232,-54.92488064395308,-47.78399381509397,-7.140886828859071,47.78399381509397,23.802956096196905
329,475200,1440,233,-56.57456993421719,-48.076471468207075,-8.498098466010092,48.076471468207075,28.326994886700305
330,476640,1440,233,-54.90315025093676,-47.93085835149283,-6.972291899443928,47.93085835149283,23.240972998146425
331,478080,1440,234,-55.86676564880415,-48.77487059265471,-7.0918950561494825,48.77487059265471,23.639650187164943
332,479520,1440,235,-55.44448513581871,-48.236265132829715,-7.2082200029890435,48.236265132829715,24.02740000996348
333,480960,1440,235,-58.301431824147684,-48.64407150965089,-9.657360314496719,48.64407150965089,32.1912010483224
334,482400,1440,236,-55.52982645172987,-48.16560549291265,-7.364220958817287,48.16560549291265,24.547403196057626
335,483840,1440,237,-54.999864021455416,-47.896161578662635,-7.1037024427927635,47.896161578662635,23.679008142642544
336,485280,1440,237,-54.60279088401295,-47.75381990293413,-6.84897098107879,47.75381990293413,22.829903270262633
337,486720,1440,238,-57.480493638851875,-48.28462666118261,-9.195866977669324,48.28462666118261,30.652889925564413
338,488160,1440,239,-56.68610295339832,-47.44013383508194,-9.245969118316342,47.44013383508194,30.819897061054473
339,489600,1440,240,-55.905178583263954,-46.915048126623184,-8.99013045664076,46.915048126623184,29.967101522135867
340,491040,1440,240,-56.1031211784677,-47.288191006790086,-8.81493017167759,47.288191006790086,29.383100572258634
341,492480,1440,241,-55.13633085722155,-47.304683190700125,-7.831647666521385,47.304683190700125,26.10549222173795
342,493920,1440,242,-55.89060752890049,-47.78330019627877,-8.107307332621726,47.78330019627877,27.024357775405754
343,495360,1440,242,-55.53983694515491,-47.67040426184655,-7.8694326833083785,47.67040426184655,26.231442277694597
344,496800,1440,243,-56.72956501647294,-47.990497070394476,-8.739067946078494,47.990497070394476,29.130226486928315
345,498240,1440,244,-55.4480113815849,-47.78695321952006,-7.661058162064852,47.78695321952006,25.536860540216175
346,499680,1440,244,-58.33775545036396,-47.44530739352875,-10.892448056835253,47.44530739352875,36.308160189450845
347,501120,1440,245,-55.28805832316706,-47.40762455611845,-7.880433767048599,47.40762455611845,26.268112556828665
348,502560,1440,246,-54.65728711650454,-46.62841906326298,-8.028868053241538,46.62841906326298,26.762893510805128
349,504000,1440,247,-56.3475520730852,-46.15858394295312,-10.188968130132078,46.15858394295312,33.963227100440264
350,505440,1440,247,-54.23672540204054,-46.64864474253397,-7.588080659506611,46.64864474253397,25.29360219835537
351,506880,1440,248,-55.65467668405115,-47.324206739527206,-8.330469944523873,47.324206739527206,27.768233148412914
352,508320,1440,249,-56.33341559342271,-47.79815930565864,-8.535256287764051,47.79815930565864,28.45085429254684
353,509760,1440,249,-55.82958890908038,-47.476750386304914,-8.352838522775471,47.476750386304914,27.842795075918236
354,511200,1440,250,-53.286439620176026,-48.07321020451456,-5.213229415661535,48.07321020451456,17.37743138553845
355,512640,1440,251,-55.445513770481014,-47.717787889393946,-7.727725881087052,47.717787889393946,25.759086270290172
356,514080,1440,252,-54.657739068419644,-47.84084191572021,-6.816897152699483,47.84084191572021,22.72299050899828
357,515520,1440,252,-55.31874847190095,-48.14366963006467,-7.175078841836297,48.14366963006467,23.916929472787658
358,516960,1440,253,-56.10013497559845,-47.6687441890925,-8.431390786505947,47.6687441890925,28.104635955019823
359,518400,1440,254,-54.91515422254111,-47.94438703734372,-6.970767185197396,47.94438703734372,23.235890617324653
360,519840,1440,254,-55.19801122032629,-47.07811595349293,-8.119895266833355,47.07811595349293,27.066317556111184
361,521280,1440,255,-55.057255021724465,-47.00892483937024,-8.048330182354213,47.00892483937024,26.827767274514045
362,522720,1440,256,-55.80292647137012,-47.06607419420159,-8.736852277168516,47.06607419420159,29.122840923895055
363,524160,1440,256,-57.78121253093059,-47.97746737048611,-9.803745160444501,47.97746737048611,32.67915053481501
364,525600,1440,257,-56.010622792851805,-48.49234534115407,-7.518277451697722,48.49234534115407,25.06092483899241
365,527040,1440,258,-54.7600340135575,-48.60299447514578,-6.157039538411741,48.60299447514578,20.52346512803914
366,528480,1440,259,-55.4915795715466,-49.123845175519,-6.367734396027644,49.123845175519,21.225781320092146
367,529920,1440,259,-55.033466483803245,-47.842603751067465,-7.1908627327358134,47.842603751067465,23.969542442452713
368,531360,1440,260,-55.33052253484508,-47.898552192850744,-7.431970341994348,47.898552192850744,24.773234473314496
369,532800,1440,261,-55.858628327359874,-47.8716745806542,-7.9869537467057,47.8716745806542,26.623179155685666
370,534240,1440,261,-56.20562634927735,-48.52340863214927,-7.682217717128092,48.52340863214927,25.607392390426973
371,535680,1440,262,-54.439085145026866,-48.46062619939712,-5.978458945629745,48.46062619939712,19.928196485432483
372,537120,1440,263,-57.049817580616384,-48.85385210171527,-8.195965478901071,48.85385210171527,27.319884929670238
373,538560,1440,263,-55.946600507289126,-48.72215563359579,-7.224444873693357,48.72215563359579,24.08148291231119
374,540000,1440,264,-55.64855291750294,-48.97470437951677,-6.6738485379861325,48.97470437951677,22.246161793287108
375,541440,1440,265,-55.89390225600307,-49.131222448642625,-6.76267980736041,49.131222448642625,22.5422660245347
376,542880,1440,266,-56.62027071088439,-48.854691200436456,-7.765579510447961,48.854691200436456,25.88526503482654
377,544320,1440,266,-53.84991756249513,-48.28320553021927,-5.566712032275828,48.28320553021927,18.555706774252762
378,545760,1440,267,-55.56161820913338,-48.83819990903068,-6.723418300102693,48.83819990903068,22.41139433367564
379,547200,1440,268,-56.10378900344654,-48.3445543648946,-7.759234638551922,48.3445543648946,25.86411546183974
380,548640,1440,268,-55.32147743067279,-48.60201516207963,-6.719462268593156,48.60201516207963,22.398207561977188
381,550080,1440,269,-54.54033295447788,-49.390063926656474,-5.150269027821356,49.390063926656474,17.167563426071187
382,551520,1440,270,-55.06327178379683,-48.97568091653419,-6.0875908672626755,48.97568091653419,20.291969557542252
383,552960,1440,270,-53.69567307506797,-49.10956598528937,-4.586107089778603,49.10956598528937,15.287023632595346
384,554400,1440,271,-54.73987189802427,-48.96850741224527,-5.77136448577899,48.96850741224527,19.237881619263298
385,555840,1440,272,-54.474549559090626,-48.288398775402534,-6.18615078368807,48.288398775402534,20.620502612293567
386,557280,1440,273,-57.79509819285599,-47.874620992043894,-9.920477200812151,47.874620992043894,33.0682573360405
387,558720,1440,273,-56.374500616001825,-47.91068005609794,-8.463820559903864,47.91068005609794,28.21273519967955
388,560160,1440,274,-54.40701423452713,-47.793387654020776,-6.613626580506375,47.793387654020776,22.045421935021253
389,561600,1440,275,-55.2567770710397,-48.54121690668532,-6.715560164354413,48.54121690668532,22.385200547848044
390,563040,1440,275,-55.51664460040468,-48.348792382483786,-7.167852217920897,48.348792382483786,23.89284072640299
391,564480,1440,276,-53.75227174505852,-47.92907387205761,-5.8231978730008835,47.92907387205761,19.410659576669612
392,565920,1440,277,-56.31008489473241,-48.69459921326194,-7.615485681470491,48.69459921326194,25.384952271568306
393,567360,1440,278,-55.812367165589805,-48.1551071041815,-7.657260061408257,48.1551071041815,25.524200204694193
394,568800,1440,278,-55.60289841194362,-49.17072448691686,-6.432173925026767,49.17072448691686,21.440579750089224
395,570240,1440,279,-54.63394688740864,-48.88014302967141,-5.7538038577372195,48.88014302967141,19.1793461924574
396,571680,1440,280,-54.70912651266777,-48.592556536169596,-6.1165699764981625,48.592556536169596,20.38856658832721
397,573120,1440,280,-54.25570830508509,-48.590187288588076,-5.665521016496979,48.590187288588076,18.88507005498993
398,574560,1440,281,-55.604352582597514,-49.049767578740884,-6.554585003856621,49.049767578740884,21.84861667952207
399,576000,1440,282,-55.70067983404273,-49.141647612392184,-6.5590322216505275,49.141647612392184,21.86344073883509
400,577440,1440,282,-56.13437184046246,-49.579163697631955,-6.555208142830467,49.579163697631955,21.85069380943489
401,578880,1440,283,-54.705512146379625,-49.333240333697226,-5.3722718126823965,49.333240333697226,17.907572708941323
402,580320,1440,284,-54.89522811908534,-49.24066267799031,-5.654565441095016,49.24066267799031,18.84855147031672
403,581760,1440,285,-56.724268775067856,-48.957919407798954,-7.766349367268871,48.957919407798954,25.887831224229572
404,583200,1440,285,-55.595540350099924,-48.835367826062864,-6.760172524037081,48.835367826062864,22.53390841345694
405,584640,1440,286,-53.86044426449279,-48.097399071173214,-5.763045193319586,48.097399071173214,19.21015064439862
406,586080,1440,287,-54.153621360718844,-48.58721658082585,-5.566404779893001,48.58721658082585,18.55468259964334
407,587520,1440,287,-55.953007931552285,-47.76846274913425,-8.184545182418047,47.76846274913425,27.281817274726823
408,588960,1440,288,-55.44258109898203,-48.11141739240982,-7.331163706572199,48.11141739240982,24.437212355240664
409,590400,1440,289,-55.75931463086243,-48.89957181469967,-6.8597428161627425,48.89957181469967,22.865809387209143
410,591840,1440,289,-57.007307067594525,-50.1262380137993,-6.881069053795227,50.1262380137993,22.93689684598409
411,593280,1440,290,-54.326619491930494,-48.92486284828011,-5.401756643650389,48.92486284828011,18.00585547883463
412,594720,1440,291,-55.87955085585859,-48.83517352370314,-7.044377332155485,48.83517352370314,23.481257773851617
413,596160,1440,292,-55.842225382392286,-49.33438705264481,-6.507838329747479,49.33438705264481,21.692794432491596
414,597600,1440,292,-55.04839106581802,-48.8815743267891,-6.166816739028973,48.8815743267891,20.556055796763243
415,599040,1440,293,-54.10891631236463,-48.70015721176939,-5.408759100595236,48.70015721176939,18.02919700198412
416,600480,1440,294,-55.376233355603475,-49.414149279445716,-5.962084076157744,49.414149279445716,19.87361358719248
417,601920,1440,294,-55.48870170865171,-49.15804443464862,-6.330657274003037,49.15804443464862,21.102190913343456
418,603360,1440,295,-55.53721237469404,-48.96596396836711,-6.571248406326923,48.96596396836711,21.904161354423078
419,604800,1440,296,-53.705867643406656,-48.07478465244808,-5.631082990958597,48.07478465244808,18.770276636528656
420,606240,1440,297,-56.41969672684127,-48.733949560614136,-7.685747166227124,48.733949560614136,25.61915722075708
421,607680,1440,297,-55.42750009172504,-48.217301378433994,-7.210198713291039,48.217301378433994,24.03399571097013
422,609120,1440,298,-56.47312703841976,-48.31916807776585,-8.153958960653945,48.31916807776585,27.17986320217982
423,610560,1440,299,-55.76956480321133,-48.18046119930639,-7.589103603904961,48.18046119930639,25.297012013016538
424,612000,1440,299,-57.198913090652724,-48.56402758134607,-8.63488550930666,48.56402758134607,28.782951697688866
425,613440,1440,300,-56.059226266632436,-48.30279760268887,-7.756428663943531,48.30279760268887,25.854762213145104
426,614880,1440,301,-54.1374998784321,-48.63907438077169,-5.498425497660418,48.63907438077169,18.328084992201394
427,616320,1440,301,-55.48363173102197,-49.10895024201832,-6.374681489003632,49.10895024201832,21.248938296678773
428,617760,1440,302,-56.18923098123262,-49.284561114541695,-6.904669866690912,49.284561114541695,23.01556622230304
429,619200,1440,303,-55.87835783283863,-48.71573164993239,-7.162626182906256,48.71573164993239,23.87542060968752
430,620640,1440,304,-54.54353545421146,-47.80838016760505,-6.735155286606415,47.80838016760505,22.450517622021383
431,622080,1440,304,-55.9337394890591,-47.22052283597066,-8.713216653088452,47.22052283597066,29.044055510294843
432,623520,1440,305,-55.31611010645789,-47.77829077745512,-7.537819329002748,47.77829077745512,25.126064430009162
433,624960,1440,306,-55.890889576232375,-48.19172380446345,-7.69916577176891,48.19172380446345,25.663885905896368
434,626400,1440,306,-55.65729677060231,-47.946713486946564,-7.710583283655733,47.946713486946564,25.701944278852444
435,627840,1440,307,-56.9725006650371,-48.738363756367605,-8.234136908669509,48.738363756367605,27.447123028898364
436,629280,1440,308,-55.50677336708575,-48.05829643185003,-7.448476935235708,48.05829643185003,24.828256450785695
437,630720,1440,308,-55.50243054074057,-48.57919883857996,-6.9232317021605665,48.57919883857996,23.07743900720189
438,632160,1440,309,-53.98351728122328,-48.251346941335136,-5.73217033988812,48.251346941335136,19.107234466293736
439,633600,1440,310,-53.87149811599302,-48.441876655992644,-5.429621460000406,48.441876655992644,18.098738200001353
440,635040,1440,311,-53.508477141524985,-47.62597439360423,-5.882502747920698,47.62597439360423,19.608342493068996
441,636480,1440,311,-55.309617618398285,-47.780166544787825,-7.529451073610532,47.780166544787825,25.09817024536844
442,637920,1440,312,-55.572872628051954,-48.0506596734775,-7.522212954574487,48.0506596734775,25.074043181914956
443,639360,1440,313,-56.601010677773615,-47.95860406983684,-8.642406607936769,47.95860406983684,28.808022026455898
444,640800,1440,313,-55.29593703786108,-46.88235534536107,-8.41358169250003,46.88235534536107,28.04527230833343
445,642240,1440,314,-56.52534539113581,-48.29663642568795,-8.228708965447828,48.29663642568795,27.429029884826093
446,643680,1440,315,-54.14049334489503,-48.153332030040175,-5.987161314854805,48.153332030040175,19.95720438284935
447,645120,1440,315,-55.48910223621671,-48.79435357084391,-6.694748665372817,48.79435357084391,22.315828884576057
448,646560,1440,316,-55.084660218840845,-48.480451826020804,-6.6042083928200865,48.480451826020804,22.014027976066956
449,648000,1440,317,-54.15465354378395,-48.21394967811485,-5.940703865669089,48.21394967811485,19.802346218896965
450,649440,1440,318,-52.83784532916068,-47.91259411393083,-4.925251215229854,47.91259411393083,16.41750405076618
451,650880,1440,318,-55.72324333991745,-48.25576664159874,-7.467476698318624,48.25576664159874,24.891588994395413
452,652320,1440,319,-53.84536889403817,-47.78646549220602,-6.058903401832109,47.78646549220602,20.196344672773698
453,653760,1440,320,-52.21637555399361,-47.5982808901805,-4.618094663813143,47.5982808901805,15.393648879377146
454,655200,1440,320,-53.60028073699834,-46.83939999769714,-6.760880739301212,46.83939999769714,22.53626913100404
455,656640,1440,321,-56.19447452492111,-47.43530148459466,-8.759173040326464,47.43530148459466,29.19724346775488
456,658080,1440,322,-56.08746992515644,-47.88655047864823,-8.20091944650823,47.88655047864823,27.336398155027435
457,659520,1440,323,-56.58841269384054,-47.845628952266395,-8.74278374157419,47.845628952266395,29.142612471913967
458,660960,1440,323,-53.95777722226684,-48.04994283741311,-5.907834384853732,48.04994283741311,19.692781282845775
459,662400,1440,324,-56.011132679188016,-47.74705031835248,-8.264082360835527,47.74705031835248,27.546941202785092
460,663840,1440,325,-54.77420051481266,-47.958952492924446,-6.81524802188825,47.958952492924446,22.717493406294167
461,665280,1440,325,-54.48157902324619,-48.185592453233205,-6.295986570012993,48.185592453233205,20.98662190004331
462,666720,1440,326,-54.951224699038015,-48.766837332227475,-6.1843873668105465,48.766837332227475,20.614624556035157
463,668160,1440,327,-54.367180724702386,-49.094485327686904,-5.272695397015428,49.094485327686904,17.57565132338476
464,669600,1440,327,-55.27332902372434,-48.961109361166734,-6.312219662557567,48.961109361166734,21.040732208525224
465,671040,1440,328,-54.45850276640914,-48.99672815221934,-5.4617746141898005,48.99672815221934,18.205915380632668
466,672480,1440,329,-55.64753891822634,-47.965533995707766,-7.682004922518567,47.965533995707766,25.60668307506189
467,673920,1440,330,-55.405761788819184,-48.59206083192387,-6.813700956895317,48.59206083192387,22.71233652298439
468,675360,1440,330,-54.56078391594594,-48.83619727969658,-5.72458663624933,48.83619727969658,19.081955454164433
469,676800,1440,331,-54.588781769480626,-49.3659270497806,-5.222854719700041,49.3659270497806,17.40951573233347
470,678240,1440,332,-53.29383656572836,-48.65808140790805,-4.635755157820266,48.65808140790805,15.45251719273422
471,679680,1440,332,-54.712092946619784,-49.087436531252685,-5.624656415367127,49.087436531252685,18.748854717890424
472,681120,1440,333,-56.71880586888845,-49.27735218134015,-7.441453687548275,49.27735218134015,24.80484562516092
473,682560,1440,334,-53.426422697844224,-48.15107785514319,-5.275344842701051,48.15107785514319,17.584482809003504
474,684000,1440,334,-53.65680015459279,-49.217270553050135,-4.439529601542638,49.217270553050135,14.798432005142129
475,685440,1440,335,-55.15135070678145,-48.333912538923016,-6.817438167858395,48.333912538923016,22.724793892861317
476,686880,1440,336,-56.658604776888254,-48.75658271574841,-7.902022061139849,48.75658271574841,26.34007353713283
477,688320,1440,337,-52.63631506615697,-48.1360248065218,-4.50029025963515,48.1360248065218,15.00096753211717
478,689760,1440,337,-55.478259759680036,-49.185679225347265,-6.292580534332878,49.185679225347265,20.97526844777626
479,691200,1440,338,-52.302467540175556,-48.46504290566243,-3.837424634513078,48.46504290566243,12.791415448376927
480,692640,1440,339,-53.88172349739326,-48.1101244845953,-5.771599012797907,48.1101244845953,19.238663375993024
481,694080,1440,339,-55.03229957168576,-47.600242451989345,-7.432057119696444,47.600242451989345,24.773523732321483
482,695520,1440,340,-54.694573907371066,-48.34824088446825,-6.346333022902807,48.34824088446825,21.154443409676023
483,696960,1440,341,-54.92124836797769,-48.36839054696115,-6.552857821016502,48.36839054696115,21.842859403388342
484,698400,1440,342,-54.38553996480097,-47.65120041965075,-6.73433954515018,47.65120041965075,22.447798483833935
485,699840,1440,342,-53.83087418191322,-47.90020792854811,-5.9306662533651515,47.90020792854811,19.768887511217173
486,701280,1440,343,-55.79272201944323,-48.40488963528161,-7.387832384161585,48.40488963528161,24.626107947205284
487,702720,1440,344,-57.965928291238455,-47.611218784012216,-10.354709507226284,47.611218784012216,34.515698357420945
488,704160,1440,344,-55.28413414133263,-48.299379544517365,-6.984754596815219,48.299379544517365,23.282515322717398
489,705600,1440,345,-55.40975274915179,-48.272570963452324,-7.137181785699468,48.272570963452324,23.79060595233156
490,707040,1440,346,-54.05152530151342,-48.18432226353693,-5.867203037976444,48.18432226353693,19.55734345992148
491,708480,1440,346,-54.167851521768625,-48.34267342594626,-5.825178095822357,48.34267342594626,19.41726031940786
492,709920,1440,347,-53.52759609331145,-48.06184443119072,-5.46575166212073,48.06184443119072,18.2191722070691
493,711360,1440,348,-55.5825817181718,-48.91791120309678,-6.664670515075055,48.91791120309678,22.215568383583516
494,712800,1440,349,-54.56537772342138,-48.86771493385177,-5.6976627895696526,48.86771493385177,18.99220929856551
495,714240,1440,349,-55.39168361361704,-48.77670603748674,-6.614977576130278,48.77670603748674,22.049925253767594
496,715680,1440,350,-55.888914102797926,-48.874405740369845,-7.0145083624280575,48.874405740369845,23.38169454142686
497,717120,1440,351,-55.39230084446611,-48.94036047482649,-6.451940369639675,48.94036047482649,21.506467898798917
498,718560,1440,351,-54.28026364962666,-48.89924352703246,-5.3810201225941325,48.89924352703246,17.936733741980444
499,720000,1440,352,-55.254562128092445,-48.43702086578604,-6.817541262306432,48.43702086578604,22.72513754102144
500,721440,1440,353,-54.933382072841894,-48.6336829378871,-6.2996991349548495,48.6336829378871,20.998997116516165
501,722880,1440,353,-55.92323012819012,-49.255261465997386,-6.6679686621928065,49.255261465997386,22.226562207309357
502,724320,1440,354,-54.6334119592294,-49.57851498562058,-5.05489697360882,49.57851498562058,16.849656578696067
503,725760,1440,355,-56.319628691820455,-49.675687287934544,-6.643941403885942,49.675687287934544,22.146471346286475
504,727200,1440,356,-53.801697345243,-49.07547133184145,-4.726226013401502,49.07547133184145,15.754086711338338
505,728640,1440,356,-55.21123199128846,-48.90838616408712,-6.302845827201314,48.90838616408712,21.009486090671047
506,730080,1440,357,-54.61280148424294,-48.82840124554676,-5.78440023869621,48.82840124554676,19.281334128987368
507,731520,1440,358,-54.01882510602437,-49.35096047097893,-4.6678646350454525,49.35096047097893,15.559548783484843
508,732960,1440,358,-55.98228106310074,-49.133723454747965,-6.848557608352729,49.133723454747965,22.828525361175764
509,734400,1440,359,-54.88810816221096,-49.111904199114335,-5.776203963096629,49.111904199114335,19.254013210322096
510,735840,1440,360,-53.65756429997926,-48.992639566746696,-4.66492473323257,48.992639566746696,15.549749110775235
511,737280,1440,360,-55.820681081187864,-48.45529286470866,-7.365388216479249,48.45529286470866,24.551294054930832
512,738720,1440,361,-55.395333042465644,-48.794831390610916,-6.6005016518547635,48.794831390610916,22.00167217284921
513,740160,1440,362,-56.19069134299706,-49.1673200656016,-7.023371277395454,49.1673200656016,23.41123759131818
514,741600,1440,363,-55.3305688924404,-48.67940256239072,-6.651166330049603,48.67940256239072,22.170554433498676
515,743040,1440,363,-52.46396002612953,-47.64540507917613,-4.818554946953352,47.64540507917613,16.06184982317784
516,744480,1440,364,-55.70880714427778,-48.18468478977732,-7.524122354500492,48.18468478977732,25.080407848334975
517,745920,1440,365,-54.4503800389944,-48.63690882512705,-5.813471213867363,48.63690882512705,19.378237379557877
518,747360,1440,365,-55.684598391213356,-48.29631469891274,-7.388283692300646,48.29631469891274,24.62761230766882
519,748800,1440,366,-56.0039213176204,-48.261634551841404,-7.74228676577899,48.261634551841404,25.807622552596637
520,750240,1440,367,-53.800818064524464,-48.6727117746575,-5.128106289866931,48.6727117746575,17.093687632889772
521,751680,1440,368,-55.05612439880984,-48.58878591186994,-6.467338486939929,48.58878591186994,21.55779495646643
522,753120,1440,368,-54.574427418551046,-48.09737035522767,-6.477057063323394,48.09737035522767,21.59019021107798
523,754560,1440,369,-54.95454806921065,-47.895844499165776,-7.058703570044822,47.895844499165776,23.52901190014941
524,756000,1440,370,-54.786216473416395,-47.34070961572465,-7.445506857691747,47.34070961572465,24.818356192305824
525,757440,1440,370,-55.60589402478344,-48.47286788477008,-7.1330261400133335,48.47286788477008,23.776753800044446
526,758880,1440,371,-54.102728360907896,-46.72134214855495,-7.381386212352948,46.72134214855495,24.60462070784316
527,760320,1440,372,-55.639501961176805,-47.625004480553166,-8.014497480623671,47.625004480553166,26.714991602078907
528,761760,1440,372,-52.73190630015281,-48.158487206704855,-4.573419093447952,48.158487206704855,15.244730311493175
529,763200,1440,373,-54.61414791814681,-47.95050910841402,-6.663638809732794,47.95050910841402,22.212129365775983
530,764640,1440,374,-55.981052387704196,-48.54700346830078,-7.434048919403392,48.54700346830078,24.780163064677975
531,766080,1440,375,-54.977779971422194,-48.05951213158493,-6.918267839837237,48.05951213158493,23.06089279945746
532,767520,1440,375,-54.58212905084797,-47.22598032452765,-7.35614872632034,47.22598032452765,24.520495754401136
533,768960,1440,376,-55.440630003379205,-46.535186787771586,-8.905443215607587,46.535186787771586,29.68481071869196
534,770400,1440,377,-53.71992270673257,-46.794471458814165,-6.925451247918463,46.794471458814165,23.084837493061546
535,771840,1440,377,-54.05504405834281,-47.67682621977234,-6.378217838570481,47.67682621977234,21.26072612856827
536,773280,1440,378,-54.81884322313688,-47.74539983581277,-7.073443387324104,47.74539983581277,23.578144624413678
537,774720,1440,379,-55.21614642219784,-47.14610228039422,-8.07004414180366,47.14610228039422,26.90014713934553
538,776160,1440,379,-53.14314152147395,-46.24096440823019,-6.902177113243799,46.24096440823019,23.007257044145998
539,777600,1440,380,-54.047580323885725,-46.40286850441971,-7.6447118194660755,46.40286850441971,25.482372731553586
540,779040,1440,381,-56.004529203982,-47.00844830489041,-8.996080899091575,47.00844830489041,29.98693633030525
541,780480,1440,382,-54.713192194474026,-47.00198262756033,-7.711209566913682,47.00198262756033,25.704031889712276
542,781920,1440,382,-54.71262444780635,-47.87296218216192,-6.839662265644456,47.87296218216192,22.798874218814856
543,783360,1440,383,-54.8184485999775,-47.21871125654623,-7.599737343431257,47.21871125654623,25.332457811437525
544,784800,1440,384,-54.01727137198163,-46.4387193225009,-7.578552049480795,46.4387193225009,25.261840164935983
545,786240,1440,384,-54.86238489140465,-46.933263455653055,-7.929121435751535,46.933263455653055,26.43040478583845
546,787680,1440,385,-55.24009388915791,-46.659534596906646,-8.580559292251277,46.659534596906646,28.601864307504258
547,789120,1440,386,-55.16489197856078,-46.98339083692433,-8.181501141636462,46.98339083692433,27.27167047212154
548,790560,1440,387,-54.80239912835466,-46.503450587323044,-8.298948541031638,46.503450587323044,27.663161803438797
549,792000,1440,387,-55.94160667712158,-46.23697227084835,-9.704634406273195,46.23697227084835,32.34878135424398
550,793440,1440,388,-55.674561417691095,-46.06665882769785,-9.607902589993225,46.06665882769785,32.02634196664408
551,794880,1440,389,-53.52006773269579,-46.30960795681065,-7.210459775885175,46.30960795681065,24.03486591961725
552,796320,1440,389,-55.83041455302507,-46.8613724316382,-8.969042121386801,46.8613724316382,29.896807071289338
553,797760,1440,390,-55.38751144921568,-46.958878496595524,-8.428632952620086,46.958878496595524,28.09544317540029
554,799200,1440,391,-54.25768083209458,-46.6688799769132,-7.5888008551814155,46.6688799769132,25.29600285060472
555,800640,1440,391,-58.13828331343802,-46.73233263056302,-11.405950682875023,46.73233263056302,38.01983560958341
556,802080,1440,392,-54.05843083074604,-47.083213302120065,-6.975217528626026,47.083213302120065,23.250725095420087
557,803520,1440,393,-54.22596490052031,-47.500411738041535,-6.725553162478786,47.500411738041535,22.418510541595953
558,804960,1440,394,-55.25856792350751,-47.48168050061076,-7.776887422896815,47.48168050061076,25.92295807632272
559,806400,1440,394,-53.21082913702881,-47.09199113533405,-6.118838001694722,47.09199113533405,20.39612667231574
560,807840,1440,395,-57.821421639409095,-47.582854277867135,-10.238567361541943,47.582854277867135,34.12855787180648
561,809280,1440,396,-55.693463777844315,-47.74709406520195,-7.946369712642327,47.74709406520195,26.48789904214109
562,810720,1440,396,-55.6772794173878,-47.16477348442117,-8.512505932966668,47.16477348442117,28.375019776555565
563,812160,1440,397,-55.96485243179137,-47.68127563158681,-8.28357680020454,47.68127563158681,27.611922667348463
564,813600,1440,398,-54.963585140436734,-48.19217798426869,-6.771407156167977,48.19217798426869,22.571357187226592
565,815040,1440,398,-53.9591935408436,-48.050797776227185,-5.908395764616407,48.050797776227185,19.694652548721358
566,816480,1440,399,-53.5098234560415,-47.46436171621585,-6.0454617398256305,47.46436171621585,20.151539132752102
567,817920,1440,400,-53.25142785959204,-47.48418278951406,-5.767245070077957,47.48418278951406,19.22415023359319
568,819360,1440,401,-54.875662332504305,-48.17389182007504,-6.701770512429272,48.17389182007504,22.339235041430907
569,820800,1440,401,-53.648657770893344,-47.84860410666243,-5.800053664230969,47.84860410666243,19.33351221410323
570,822240,1440,402,-52.609806024244634,-47.41368815942884,-5.19611786481578,47.41368815942884,17.32039288271927
571,823680,1440,403,-54.08582857784143,-47.719280431432296,-6.366548146409145,47.719280431432296,21.221827154697152
572,825120,1440,403,-54.20895596663516,-47.2121584108987,-6.996797555736472,47.2121584108987,23.322658519121575
573,826560,1440,404,-54.39562977181975,-47.26406049495808,-7.1315692768616685,47.26406049495808,23.771897589538895
574,828000,1440,405,-56.3851912272852,-48.17565975069924,-8.209531476585907,48.17565975069924,27.365104921953023
575,829440,1440,405,-55.588687268330354,-47.984763266309265,-7.603924002021052,47.984763266309265,25.346413340070175
576,830880,1440,406,-52.69126857427353,-47.27403599594329,-5.4172325783301964,47.27403599594329,18.05744192776732
577,832320,1440,407,-55.074236481835534,-46.96761247784457,-8.106624003990945,46.96761247784457,27.02208001330315
578,833760,1440,408,-53.237166041637124,-47.17783761512463,-6.059328426512502,47.17783761512463,20.19776142170834
579,835200,1440,408,-53.46345502480516,-47.53600268613681,-5.927452338668332,47.53600268613681,19.758174462227775
580,836640,1440,409,-54.272538496224506,-47.923886096318505,-6.348652399906052,47.923886096318505,21.162174666353508
581,838080,1440,410,-53.91154896913277,-47.787132844199036,-6.124416124933693,47.787132844199036,20.414720416445643
582,839520,1440,410,-56.48840165389319,-47.917921630305045,-8.570480023588159,47.917921630305045,28.56826674529386
583,840960,1440,411,-55.48318374735474,-48.0713226091689,-7.411861138185899,48.0713226091689,24.706203793952998
584,842400,1440,412,-53.94752694320997,-47.970852948685724,-5.9766739945242495,47.970852948685724,19.922246648414166
585,843840,1440,413,-53.556775458876615,-47.83638064763694,-5.720394811239717,47.83638064763694,19.06798270413239
586,845280,1440,413,-54.02760263395839,-48.600706729446074,-5.426895904512324,48.600706729446074,18.08965301504108
587,846720,1440,414,-52.82402758220796,-47.95508337638837,-4.868944205819623,47.95508337638837,16.22981401939874
588,848160,1440,415,-53.86947280698641,-48.198234602453475,-5.671238204532939,48.198234602453475,18.90412734844313
589,849600,1440,415,-54.10933204237551,-47.85959756686925,-6.249734475506256,47.85959756686925,20.83244825168752
590,851040,1440,416,-53.03466812646132,-47.73109112981077,-5.303576996650533,47.73109112981077,17.67858998883511
591,852480,1440,417,-53.44029454995487,-47.666063401214316,-5.774231148740538,47.666063401214316,19.24743716246846
592,853920,1440,417,-53.5866145683854,-47.20617259175828,-6.380441976627095,47.20617259175828,21.268139922090317
593,855360,1440,418,-54.79298658566188,-47.06630931564467,-7.726677270017234,47.06630931564467,25.75559090005745
594,856800,1440,419,-55.09327443225458,-47.56144524994829,-7.531829182306275,47.56144524994829,25.10609727435425
595,858240,1440,420,-53.50395157274531,-46.80531973051285,-6.698631842232451,46.80531973051285,22.328772807441503
596,859680,1440,420,-54.117064047858,-47.265118218843455,-6.851945829014551,47.265118218843455,22.839819430048504
597,861120,1440,421,-55.88495715487993,-46.97650908927724,-8.908448065602688,46.97650908927724,29.694826885342295
598,862560,1440,422,-54.29057107475134,-47.71486272079923,-6.575708353952098,47.71486272079923,21.919027846506996
599,864000,1440,422,-52.6356176800175,-47.068708932714166,-5.566908747303305,47.068708932714166,18.55636249101102
600,865440,1440,423,-54.65186660690978,-47.47485988212133,-7.177006724788535,47.47485988212133,23.92335574929512
601,866880,1440,424,-56.04213809582941,-47.43256568576834,-8.609572410061068,47.43256568576834,28.698574700203558
602,868320,1440,424,-54.56006876196065,-46.74555256103177,-7.814516200928903,46.74555256103177,26.048387336429677
603,869760,1440,425,-54.06856048671025,-47.218933965313425,-6.849626521396816,47.218933965313425,22.832088404656055
604,871200,1440,426,-54.26276986211186,-47.23648699710903,-7.026282865002811,47.23648699710903,23.420942883342704
605,872640,1440,427,-53.57107109077017,-47.417043993001414,-6.154027097768747,47.417043993001414,20.513423659229158
606,874080,1440,427,-55.19151090465353,-47.47031864219795,-7.721192262455572,47.47031864219795,25.737307541518575
607,875520,1440,428,-53.52111292820823,-46.9086349516768,-6.612477976531366,46.9086349516768,22.041593255104555
608,876960,1440,429,-53.63384462118592,-46.5959596792294,-7.037884941956562,46.5959596792294,23.45961647318854
609,878400,1440,429,-55.47390063921077,-47.3116561240519,-8.16224451515892,47.3116561240519,27.2074817171964
610,879840,1440,430,-54.232008085421725,-47.32901692340964,-6.902991162012129,47.32901692340964,23.00997054004043
611,881280,1440,431,-55.12284265623485,-47.679432304750655,-7.443410351484161,47.679432304750655,24.81136783828054
612,882720,1440,432,-54.559729691121696,-47.235330123917805,-7.324399567203909,47.235330123917805,24.41466522401303
613,884160,1440,432,-54.78694106602021,-46.509007530348256,-8.277933535671954,46.509007530348256,27.59311178557318
614,885600,1440,433,-54.774987446297274,-46.764797121468185,-8.010190324829118,46.764797121468185,26.700634416097063
615,887040,1440,434,-54.12783693114954,-46.714551489098625,-7.413285442050866,46.714551489098625,24.710951473502888
616,888480,1440,434,-55.33517372305926,-47.3205414053069,-8.014632317752392,47.3205414053069,26.71544105917464
617,889920,1440,435,-53.3144913346013,-47.11380320595134,-6.200688128649953,47.11380320595134,20.668960428833177
618,891360,1440,436,-53.55592316341228,-46.68805817555749,-6.867864987854846,46.68805817555749,22.892883292849486
619,892800,1440,436,-56.84761784948847,-46.80404678736879,-10.043571062119604,46.80404678736879,33.478570207065346
620,894240,1440,437,-55.043908753982855,-47.33745896435444,-7.706449789628314,47.33745896435444,25.688165965427714
621,895680,1440,438,-52.98676093770776,-46.94362387068364,-6.043137067024157,46.94362387068364,20.143790223413856
622,897120,1440,439,-53.8193288458207,-47.12090520478462,-6.698423641036099,47.12090520478462,22.328078803453664
623,898560,1440,439,-54.34299922581084,-47.424564796823205,-6.918434428987635,47.424564796823205,23.06144809662545
624,900000,1440,440,-53.55535724080084,-46.64165248042736,-6.913704760373397,46.64165248042736,23.045682534577992
625,901440,1440,441,-52.47696578137395,-46.406855992625765,-6.07010978874819,46.406855992625765,20.2336992958273
626,902880,1440,441,-56.277225339830274,-46.50891299161918,-9.76831234821101,46.50891299161918,32.56104116070337
627,904320,1440,442,-54.65095038453236,-47.31825836815551,-7.332692016376813,47.31825836815551,24.442306721256042
628,905760,1440,443,-55.46017033618542,-46.26077202514079,-9.19939831104467,46.26077202514079,30.664661036815566
629,907200,1440,443,-54.8772744508813,-46.37463749890984,-8.502636951971533,46.37463749890984,28.342123173238445
630,908640,1440,444,-55.399415553830316,-46.43807258214429,-8.961342971686047,46.43807258214429,29.87114323895349
631,910080,1440,445,-52.53250512499249,-46.32998003019696,-6.2025250947955355,46.32998003019696,20.675083649318452
632,911520,1440,446,-54.258468691881426,-47.32292410723598,-6.935544584645431,47.32292410723598,23.118481948818104
633,912960,1440,446,-53.96686500044028,-46.91667970116793,-7.050185299272317,46.91667970116793,23.50061766424106
634,914400,1440,447,-54.0560967207115,-46.65375308431415,-7.402343636397412,46.65375308431415,24.674478787991376
635,915840,1440,448,-56.1425001272935,-47.53290158521355,-8.609598542079947,47.53290158521355,28.698661806933156
636,917280,1440,448,-53.157548768043746,-47.78296125456504,-5.374587513478661,47.78296125456504,17.91529171159554
637,918720,1440,449,-54.75603390586055,-47.41131835282873,-7.344715553031778,47.41131835282873,24.482385176772592
638,920160,1440,450,-53.34281194299495,-47.09150489321123,-6.251307049783657,47.09150489321123,20.837690165945524
639,921600,1440,450,-54.751784579274855,-47.12612976014076,-7.625654819134138,47.12612976014076,25.418849397113796
640,923040,1440,451,-54.342673221019986,-47.783190945355194,-6.55948227566484,47.783190945355194,21.8649409188828
641,924480,1440,452,-52.76779147039088,-47.191581942151224,-5.57620952823961,47.191581942151224,18.587365094132032
642,925920,1440,453,-54.06196334418013,-47.53494616969073,-6.5270171744894245,47.53494616969073,21.75672391496475
643,927360,1440,453,-53.907392310685616,-47.13985695617972,-6.767535354505901,47.13985695617972,22.558451181686337
644,928800,1440,454,-52.41095998283969,-47.42546930196511,-4.985490680874585,47.42546930196511,16.61830226958195
645,930240,1440,455,-52.80134617195496,-47.1944984017241,-5.606847770230858,47.1944984017241,18.689492567436194
646,931680,1440,455,-53.812297257437706,-47.17042895406093,-6.641868303376779,47.17042895406093,22.139561011255932
647,933120,1440,456,-54.345686409387376,-47.048487995819016,-7.297198413568385,47.048487995819016,24.323994711894617
648,934560,1440,457,-52.84090424377298,-47.42491381145718,-5.415990432315757,47.42491381145718,18.053301441052525
649,936000,1440,458,-52.57951700761443,-46.78748933907647,-5.792027668538005,46.78748933907647,19.306758895126684
650,937440,1440,458,-52.26097996436942,-47.079265854142015,-5.181714110227386,47.079265854142015,17.27238036742462
651,938880,1440,459,-52.36047382082597,-47.29052129579462,-5.069952525031366,47.29052129579462,16.899841750104553
652,940320,1440,460,-53.71379669592535,-46.42630772216929,-7.287488973756016,46.42630772216929,24.291629912520055
653,941760,1440,460,-53.844193224828345,-47.467665357910796,-6.376527866917598,47.467665357910796,21.25509288972533
654,943200,1440,461,-53.30914161001177,-46.77976294349536,-6.529378666516411,46.77976294349536,21.764595555054704
655,944640,1440,462,-53.64959165884893,-46.910973962857966,-6.738617695990918,46.910973962857966,22.462058986636393
656,946080,1440,462,-55.34141623324813,-47.74592750426246,-7.59548872898566,47.74592750426246,25.318295763285533
657,947520,1440,463,-52.30390684242594,-47.25395218761796,-5.049954654808039,47.25395218761796,16.833182182693466
658,948960,1440,464,-52.48144426019124,-46.92398221165738,-5.5574620485338535,46.92398221165738,18.524873495112846
659,950400,1440,465,-55.4904368106962,-47.29311376447441,-8.197323046221793,47.29311376447441,27.324410154072645
660,951840,1440,465,-55.7810370669668,-46.984497060627554,-8.796540006339196,46.984497060627554,29.321800021130652
661,953280,1440,466,-52.596787062615846,-47.21495690617904,-5.381830156436746,47.21495690617904,17.939433854789154
662,954720,1440,467,-53.67450215220174,-46.58205719637138,-7.092444955830349,46.58205719637138,23.641483186101162
663,956160,1440,467,-53.33926097856717,-46.43262754009919,-6.906633438467973,46.43262754009919,23.022111461559913
664,957600,1440,468,-56.042337748132276,-46.55514211317947,-9.487195634952831,46.55514211317947,31.62398544984277
665,959040,1440,469,-53.583784223626495,-46.06286071626939,-7.520923507357136,46.06286071626939,25.069745024523787
666,960480,1440,469,-55.11483186881572,-46.68986171962849,-8.424970149187223,46.68986171962849,28.083233830624074
667,961920,1440,470,-54.91337895246057,-47.19449614033423,-7.718882812126335,47.19449614033423,25.72960937375445
668,963360,1440,471,-53.28708153461068,-47.228333221224545,-6.0587483133861335,47.228333221224545,20.195827711287112
669,964800,1440,472,-54.290715739650445,-47.31803503038498,-6.9726807092654335,47.31803503038498,23.242269030884778
670,966240,1440,472,-52.84927528394172,-48.07012726444676,-4.779148019495008,48.07012726444676,15.930493398316692
671,967680,1440,473,-53.22816378698933,-47.87437905320727,-5.353784733782115,47.87437905320727,17.84594911260705
672,969120,1440,474,-53.917587016894934,-48.137598545110734,-5.779988471784216,48.137598545110734,19.26662823928072
673,970560,1440,474,-53.65414312041488,-47.263404265587255,-6.3907388548276325,47.263404265587255,21.302462849425442
674,972000,1440,475,-53.45281545101085,-47.668783398471184,-5.784032052539668,47.668783398471184,19.280106841798894
675,973440,1440,476,-53.29461528344657,-47.6056379798347,-5.68897730361192,47.6056379798347,18.963257678706402
676,974880,1440,477,-55.23372144800378,-47.43380515861117,-7.79991628939254,47.43380515861117,25.9997209646418
677,976320,1440,477,-52.709917442962386,-47.27398096278291,-5.4359364801794685,47.27398096278291,18.119788267264894
678,977760,1440,478,-54.02982909395718,-47.69558981873208,-6.334239275225101,47.69558981873208,21.114130917417004
679,979200,1440,479,-55.692493622738446,-47.204379507244106,-8.488114115494371,47.204379507244106,28.29371371831457
680,980640,1440,479,-54.80723846502803,-47.33494439516515,-7.472294069862899,47.33494439516515,24.907646899543
681,982080,1440,480,-55.293619835385705,-46.9337229472056,-8.359896888180117,46.9337229472056,27.86632296060039
682,983520,1440,481,-53.271512398108925,-47.249881578576534,-6.02163081953244,47.249881578576534,20.0721027317748
683,984960,1440,481,-55.32983478881718,-47.59706543453954,-7.732769354277687,47.59706543453954,25.775897847592294
684,986400,1440,482,-54.81925354918236,-47.86455745060341,-6.954696098578993,47.86455745060341,23.182320328596646
685,987840,1440,483,-53.85937313841779,-47.26917541758138,-6.590197720836403,47.26917541758138,21.967325736121342
686,989280,1440,484,-53.99034157338554,-47.14945456560077,-6.840887007784751,47.14945456560077,22.802956692615837
687,990720,1440,484,-52.79780748020614,-47.7078961751507,-5.089911305055495,47.7078961751507,16.966371016851653
688,992160,1440,485,-54.90017107452991,-47.49515626874295,-7.405014805786942,47.49515626874295,24.683382685956474
689,993600,1440,486,-54.81629270070746,-46.80518682006218,-8.011105880645308,46.80518682006218,26.703686268817695
690,995040,1440,486,-54.148269238427865,-46.66003734081919,-7.488231897608666,46.66003734081919,24.96077299202889
691,996480,1440,487,-53.094617343703085,-47.12700350051885,-5.967613843184221,47.12700350051885,19.892046143947404
692,997920,1440,488,-54.56592426974043,-47.54002371576017,-7.0259005539801525,47.54002371576017,23.419668513267176
693,999360,1440,488,-54.69587623795536,-47.34185252620257,-7.354023711752753,47.34185252620257,24.51341237250918
